Yayasan,NPSN,Nama,Jenjang,Kecamatan,Kabupaten,Provinsi
45,  20104814,SD Santo Bellarminus,SD,Kec. Menteng,Kota Adm. Jakarta Pusat,Prov. D.K.I. Jakarta
45,  20106433,SMP Santo Bellarminus,SMP,Kec. Menteng,Kota Adm. Jakarta Pusat,Prov. D.K.I. Jakarta
45,  20108507,SMA St Bellarminus,SMA,Kec. Menteng,Kota Adm. Jakarta Pusat,Prov. D.K.I. Jakarta
38,  20266251,TK Santo Bellarminus,TK,Kec. Pondokgede,Kota Bekasi,Prov. Jawa Barat
38,,SD Santo Bellarminus,SD,Kec. Pondokgede,Kota Bekasi,Prov. Jawa Barat
38,,SMP Santo Bellarminus,SMP,Kec. Pondokgede,Kota Bekasi,Prov. Jawa Barat
38,,SMA Santo Bellarminus,SMA,Kec. Pondokgede,Kota Bekasi,Prov. Jawa Barat
32,  20268582,John Paul`S Primary School,SPK SD,Kec. Taruma Jaya,Kab. Bekasi,Prov. Jawa Barat
32,  20268583,John Paul`S Junior High School,SPK SMP,Kec. Taruma Jaya,Kab. Bekasi,Prov. Jawa Barat
32,  60724764,TK John Pauls School,TK,Kec. Taruma Jaya,Kab. Bekasi,Prov. Jawa Barat
32,  69775473,John Paul`S Senior High School,SPK SMA,Kec. Taruma Jaya,Kab. Bekasi,Prov. Jawa Barat
59,,TK Cahaya Harapan,TK,Kec. Medan Satria,Kota Bekasi,Prov. Jawa Barat
59,  20223665,SD Cahaya Harapan,SD,Kec. Medan Satria,Kota Bekasi,Prov. Jawa Barat
59,  20231650,SMP Cahaya Harapan,SMP,Kec. Medan Satria,Kota Bekasi,Prov. Jawa Barat
35,  20222910,SMP Santa Maria Monica,SMP,Kec. Bekasi Timur,Kota Bekasi,Prov. Jawa Barat
35,  20223031,SMAS Santa Maria Monica,SMA,Kec. Bekasi Timur,Kota Bekasi,Prov. Jawa Barat
35,  20231623,SD Santa Maria Monica,SD,Kec. Bekasi Timur,Kota Bekasi,Prov. Jawa Barat
35,  20266249,TK Santa Maria Monica,TK,Kec. Bekasi Timur,Kota Bekasi,Prov. Jawa Barat
35,  69819419,SMK Santa Maria Monica,SMK,Kec. Bekasi Timur,Kota Bekasi,Prov. Jawa Barat
22,,TK Maria Yacintha,TK,Kec. Bekasi Selatan,Kota Bekasi,Prov. Jawa Barat
22,,SD Maria Fransiska,SD,Kec. Bekasi Selatan,Kota Bekasi,Prov. Jawa Barat
22,  20222906,SMP Pax Ecclesia,SMP,Kec. Bekasi Selatan,Kota Bekasi,Prov. Jawa Barat
22,  20231722,SMAS Pax Patriae,SMA,Kec. Bekasi Selatan,Kota Bekasi,Prov. Jawa Barat
24,20109630,TK Cor Jesu Marsudirini,TK,Kec. Matraman,Kota Adm. Jakarta Timur,Prov. D.K.I. Jakarta
24,20108324,SDS Marsudirini I,SD,Kec. Matraman,Kota Adm. Jakarta Timur,Prov. D.K.I. Jakarta
24,20107110,SMP Marsudirini,SMP,Kec. Kramat Jati,Kota Adm. Jakarta Timur,Prov. D.K.I. Jakarta
24,20103219,SMAS Fons Vitae 1 Jakarta,SMA,Kec. Matraman,Kota Adm. Jakarta Timur,Prov. D.K.I. Jakarta
24,20110711,TK Kuntum Keluarga Mulia,TK,Kec. Koja,Kota Adm. Jakarta Utara,Prov. D.K.I. Jakarta
24,20109343,SDS Tunas Keluarga Mulia,SD,Kec. Koja,Kota Adm. Jakarta Utara,Prov. D.K.I. Jakarta
24,20106547,SMP Keluarga Kusuma Marsudirini,SMP,Kec. Koja,Kota Adm. Jakarta Utara,Prov. D.K.I. Jakarta
24,20100614,SMAS Fons Vitae 2 Jakarta,SMA,Kec. Koja,Kota Adm. Jakarta Utara,Prov. D.K.I. Jakarta
24,69794677,KB Marsudirini,KB,Kec. Rawalumbu,Kota Bekasi,Prov. Jawa Barat
24,20266143,TK Marsudirini,TK,Kec. Rawalumbu,Kota Bekasi,Prov. Jawa Barat
24,20231594,SD Marsudirini,SD,Kec. Rawalumbu,Kota Bekasi,Prov. Jawa Barat
24,69987583,SD Marsudirini Ii,SD,Kec. Rawalumbu,Kota Bekasi,Prov. Jawa Barat
24,20231679,SMP Marsudirini,SMP,Kec. Rawalumbu,Kota Bekasi,Prov. Jawa Barat
24,20223075,SMAS Marsudirini,SMA,Kec. Rawalumbu,Kota Bekasi,Prov. Jawa Barat
28,,TK Pamardi Yuwana Bhakti,TK,Kec. Pondokgede,Kota Bekasi,Prov. Jawa Barat
28,  20223634,SD Pamardi Yuwana Bhakti,SD,Kec. Pondokgede,Kota Bekasi,Prov. Jawa Barat
28,  20231690,SMP Pamardi Yuwana Bhakti,SMP,Kec. Pondokgede,Kota Bekasi,Prov. Jawa Barat
52,20266248,TK Santa Lusia,TK,Kec. Rawalumbu,Kota Bekasi,Prov. Jawa Barat
52,69872301,SD Santa Lusia,SD,Kec. Rawalumbu,Kota Bekasi,Prov. Jawa Barat
52,20231697,SMP Santa Lusia,SMP,Kec. Rawalumbu,Kota Bekasi,Prov. Jawa Barat
52,69950694,SMA Santa Lusia Bekasi,SMA,Kec. Rawalumbu,Kota Bekasi,Prov. Jawa Barat
52,69760842,SMKS Pariwisata Paramitha,SMK,Kec. Rawalumbu,Kota Bekasi,Prov. Jawa Barat
52,20258230,SLB-C Santa Lusia,SLB,Kec. Rawalumbu,Kota Bekasi,Prov. Jawa Barat
16,  70002509,TK Mgr Gabriel Manek I,TK,Kec. Cikarang Barat,Kab. Bekasi,Prov. Jawa Barat
16,  70002471,SD Mgr Gabriel Manek,SD,Kec. Cikarang Barat,Kab. Bekasi,Prov. Jawa Barat
16,,SMP Mgr Gabriel Manek,SMP,Kec. Cikarang Barat,Kab. Bekasi,Prov. Jawa Barat
23,,TK Santo Yusup,TK, Kec. Taruma Jaya,Kab. Bekasi,Prov. Jawa Barat
23,,SD Santo Yusup,SD, Kec. Taruma Jaya,Kab. Bekasi,Prov. Jawa Barat
23,,SMP Santo Yusup,SMP, Kec. Taruma Jaya,Kab. Bekasi,Prov. Jawa Barat
62,  69881172,TK Flora,TK,Kec. Bekasi Utara,Kota Bekasi,Prov. Jawa Barat
62,  20231571,SD Flora 1,SD,Kec. Bekasi Utara,Kota Bekasi,Prov. Jawa Barat
62,  20231572,SD Flora 2,SD,Kec. Bekasi Utara,Kota Bekasi,Prov. Jawa Barat
62,  20231655,SMP Flora,SMP,Kec. Bekasi Utara,Kota Bekasi,Prov. Jawa Barat
62,  20231709,SMAS Flora,SMA,Kec. Bekasi Utara,Kota Bekasi,Prov. Jawa Barat
62,  20268251,SMKS Flora,SMK,Kec. Bekasi Utara,Kota Bekasi,Prov. Jawa Barat
3,  20111228,TK Regina Pacis,TK,Kec. Palmerah,Kota Adm. Jakarta Barat,Prov. D.K.I. Jakarta
3,  20105749,SDS Regina Pacis,SD,Kec. Palmerah,Kota Adm. Jakarta Barat,Prov. D.K.I. Jakarta
3,  20106866,SMP Regina Pacis,SMP,Kec. Palmerah,Kota Adm. Jakarta Barat,Prov. D.K.I. Jakarta
3,  20101301,SMAS Regina Pacis,SMA,Kec. Palmerah,Kota Adm. Jakarta Barat,Prov. D.K.I. Jakarta
6,  20110927,TK Bunda Hati Kudus,TK,Kec. Grogol Petamburan,Kota Adm. Jakarta Barat,Prov. D.K.I. Jakarta
6,  20105642,SD Bunda Hati Kudus,SD,Kec. Grogol Petamburan,Kota Adm. Jakarta Barat,Prov. D.K.I. Jakarta
6,  20109239,SMP Bunda Hati Kudus,SMP,Kec. Grogol Petamburan,Kota Adm. Jakarta Barat,Prov. D.K.I. Jakarta
6,  20101332,SMAS Bunda Hati Kudus,SMA,Kec. Grogol Petamburan,Kota Adm. Jakarta Barat,Prov. D.K.I. Jakarta
1,20104421,SMAS Katolik Abdi Siswa,SMA,Kec. Kebon Jeruk,Kota Adm. Jakarta Barat,Prov. D.K.I. Jakarta
1,20106717,SMP Abdi Siswa,SMP,Kec. Kebon Jeruk,Kota Adm. Jakarta Barat,Prov. D.K.I. Jakarta
1,69832169,TK Abdi Siswa Ii,TK,Kec. Kembangan,Kota Adm. Jakarta Barat,Prov. D.K.I. Jakarta
1,20109317,SDS Abdi Siswa,SD,Kec. Kembangan,Kota Adm. Jakarta Barat,Prov. D.K.I. Jakarta
1,69920667,SMP Katolik Abdi Siswa Ii,SMP,Kec. Kembangan,Kota Adm. Jakarta Barat,Prov. D.K.I. Jakarta
1,20616321,SD Abdi Siswa Bintaro,SD,Kec. Serpong Utara,Kota Tangerang Selatan,Prov. Banten
1,69755969,TKS Abdi Siswa Bintaro,TK,Kec. Serpong Utara,Kota Tangerang Selatan,Prov. Banten
1,69818816,KB Abdi Siswa Bintaro,KB,Kec. Serpong Utara,Kota Tangerang Selatan,Prov. Banten
1,69957469,SMP Abdi Siswa Bintaro,SMP,Kec. Serpong Utara,Kota Tangerang Selatan,Prov. Banten
1,70000531,SMA Abdi Siswa Bintaro,SMA,Kec. Serpong Utara,Kota Tangerang Selatan,Prov. Banten
60,  20111258,TK Seraphine Bakti Utama,TK,Kec. Cengkareng,Kota Adm. Jakarta Barat,Prov. D.K.I. Jakarta
60,  20105765,SDS Seraphine Bakti Utama,SD,Kec. Cengkareng,Kota Adm. Jakarta Barat,Prov. D.K.I. Jakarta
60,  20106879,SMP Seraphine Bhakti Utama,SMP,Kec. Cengkareng,Kota Adm. Jakarta Barat,Prov. D.K.I. Jakarta
12,70025781,KB Tarsisius I,KB,Kec. Gambir,Kota Adm. Jakarta Pusat,Prov. D.K.I. Jakarta
12,69820384,TK Tarsisius I,TK,Kec. Gambir,Kota Adm. Jakarta Pusat,Prov. D.K.I. Jakarta
12,20104828,SDS Tarsisius I,SD,Kec. Gambir,Kota Adm. Jakarta Pusat,Prov. D.K.I. Jakarta
12,20100245,SMP Tarsisius 1,SMP,Kec. Gambir,Kota Adm. Jakarta Pusat,Prov. D.K.I. Jakarta
12,20100197,SMAS Tarsisius 1 Jakarta,SMA,Kec. Gambir,Kota Adm. Jakarta Pusat,Prov. D.K.I. Jakarta
12,69832178,TK Tarsisius Ii,TK,Kec. Kebon Jeruk,Kota Adm. Jakarta Barat,Prov. D.K.I. Jakarta
12,20105779,SDS Tarsisius Ii,SD,Kec. Kebon Jeruk,Kota Adm. Jakarta Barat,Prov. D.K.I. Jakarta
12,20106891,SMP Tarsisius Ii,SMP,Kec. Kebon Jeruk,Kota Adm. Jakarta Barat,Prov. D.K.I. Jakarta
12,20101610,SMAS  Tarsisius Ii,SMA,Kec. Kebon Jeruk,Kota Adm. Jakarta Barat,Prov. D.K.I. Jakarta
12,69832195,TK Damai,TK,Kec. Tambora,Kota Adm. Jakarta Barat,Prov. D.K.I. Jakarta
12,20105648,SD Damai,SD,Kec. Tambora,Kota Adm. Jakarta Barat,Prov. D.K.I. Jakarta
12,20106766,SMP Damai,SMP,Kec. Tambora,Kota Adm. Jakarta Barat,Prov. D.K.I. Jakarta
12,20101342,SMAS Damai,SMA,Kec. Tambora,Kota Adm. Jakarta Barat,Prov. D.K.I. Jakarta
12,69909377,TK Vianney,TK,Kec. Cengkareng,Kota Adm. Jakarta Barat,Prov. D.K.I. Jakarta
12,20105797,SD Vianney,SD,Kec. Cengkareng,Kota Adm. Jakarta Barat,Prov. D.K.I. Jakarta
12,20106900,SMP Vianney,SMP,Kec. Cengkareng,Kota Adm. Jakarta Barat,Prov. D.K.I. Jakarta
12,20101618,SMAS Vianney,SMA,Kec. Cengkareng,Kota Adm. Jakarta Barat,Prov. D.K.I. Jakarta
12,20615320,TK Tarsisius Vireta,TK,Kec. Pasar Kemis,Kab. Tangerang,Prov. Banten
12,20613602,SDtarsisius Vireta,SD,Kec. Pasar Kemis,Kab. Tangerang,Prov. Banten
12,20603243,SMP Tarsisius Vireta,SMP,Kec. Pasar Kemis,Kab. Tangerang,Prov. Banten
12,20603379,SMAS Tarsisius Vireta,SMA,Kec. Pasar Kemis,Kab. Tangerang,Prov. Banten
12,70045704,SMK Tarsisius Vireta,SMK,Kec. Pasar Kemis,Kab. Tangerang,Prov. Banten
14,  20111041,TK Kristoforus,TK,Kec. Grogol Petamburan,Kota Adm. Jakarta Barat,Prov. D.K.I. Jakarta
14,  20105768,SDS Santo Kristoforus I,SD,Kec. Grogol Petamburan,Kota Adm. Jakarta Barat,Prov. D.K.I. Jakarta
14,  20106874,SMP Santo Kristoforus I,SMP,Kec. Grogol Petamburan,Kota Adm. Jakarta Barat,Prov. D.K.I. Jakarta
14,  20101616,SMAS Santo Kristoforus 1,SMA,Kec. Grogol Petamburan,Kota Adm. Jakarta Barat,Prov. D.K.I. Jakarta
14,  20111266,TK St Kristoforus Ii,TK,Kec. Kali Deres,Kota Adm. Jakarta Barat,Prov. D.K.I. Jakarta
14,  20105769,SDS Santo Kristoforus Ii,SD,Kec. Kali Deres,Kota Adm. Jakarta Barat,Prov. D.K.I. Jakarta
14,  20106882,SMP Santo Kristoforus Ii,SMP,Kec. Cengkareng,Kota Adm. Jakarta Barat,Prov. D.K.I. Jakarta
14,  20101615,SMA Santo Kristoforus Ii,SMA,Kec. Cengkareng,Kota Adm. Jakarta Barat,Prov. D.K.I. Jakarta
20,20111247,TK Sang Timur,TK,Kec. Kebon Jeruk,Kota Adm. Jakarta Barat,Prov. D.K.I. Jakarta
20,20105755,SDS Sang Timur,SD,Kec. Kebon Jeruk,Kota Adm. Jakarta Barat,Prov. D.K.I. Jakarta
20,20106872,SMP Katolik Sang Timur,SMP,Kec. Kebon Jeruk,Kota Adm. Jakarta Barat,Prov. D.K.I. Jakarta
20,20104432,SMAS Katolik Sang Timur,SMA,Kec. Kebon Jeruk,Kota Adm. Jakarta Barat,Prov. D.K.I. Jakarta
20,69803092,TKk Sang Timur,TK,Kec. Karang Tengah,Kota Tangerang,Prov. Banten
20,20607305,SD Sang Timur,SD,Kec. Karang Tengah,Kota Tangerang,Prov. Banten
20,20606690,SMP Katolik Sang Timur,SMP,Kec. Karang Tengah,Kota Tangerang,Prov. Banten
20,20606528,Sekolah Khusus Sang Timur,SLB,Kec. Karang Tengah,Kota Tangerang,Prov. Banten
20,20109852,TK Katolik Sang Timur,TK,Kec. Cakung,Kota Adm. Jakarta Timur,Prov. D.K.I. Jakarta
20,20109095,SDk Sang Timur,SD,Kec. Cakung,Kota Adm. Jakarta Timur,Prov. D.K.I. Jakarta
20,,SMP Sang Timur,SMP,Kec. Cakung,Kota Adm. Jakarta Timur,Prov. D.K.I. Jakarta
19,  20111249,TK Santo Andreas,TK,Kec. Kebon Jeruk,Kota Adm. Jakarta Barat,Prov. D.K.I. Jakarta
19,  20105758,SD Santo Andreas,SD,Kec. Kebon Jeruk,Kota Adm. Jakarta Barat,Prov. D.K.I. Jakarta
19,  20106873,SMP Santo Andreas,SMP,Kec. Kebon Jeruk,Kota Adm. Jakarta Barat,Prov. D.K.I. Jakarta
27,70035897,KB Notre Dame,KB,Kec. Kembangan,Kota Adm. Jakarta Barat,Prov. D.K.I. Jakarta
27,20111077,TK Notre Dame,TK,Kec. Kembangan,Kota Adm. Jakarta Barat,Prov. D.K.I. Jakarta
27,20105733,SD Notre Dame,SD,Kec. Kembangan,Kota Adm. Jakarta Barat,Prov. D.K.I. Jakarta
27,20106847,SMP Notre Dame,SMP,Kec. Kembangan,Kota Adm. Jakarta Barat,Prov. D.K.I. Jakarta
27,20101324,SMAS Notre Dame,SMA,Kec. Kembangan,Kota Adm. Jakarta Barat,Prov. D.K.I. Jakarta
27,70001082,KB Notre Dame Grand Wisata,KB,Kec. Tambun Selatan,Kab. Bekasi,Prov. Jawa Barat
27,70000950,TK Notre Dame Grand Wisata,TK,Kec. Tambun Selatan,Kab. Bekasi,Prov. Jawa Barat
27,69970766,SD Notre Dame Grand Wisata,SD,Kec. Tambun Selatan,Kab. Bekasi,Prov. Jawa Barat
27,70027688,SMP Notre Dame Grand Wisata,SMP,Kec. Tambun Selatan,Kab. Bekasi,Prov. Jawa Barat
55,  20111251,TK Santo Leo,TK,Kec. Cengkareng,Kota Adm. Jakarta Barat,Prov. D.K.I. Jakarta
55,  20105760,SDS Santo Leo Ii,SD,Kec. Cengkareng,Kota Adm. Jakarta Barat,Prov. D.K.I. Jakarta
55,  20106876,SMP Santo Leo Ii,SMP,Kec. Cengkareng,Kota Adm. Jakarta Barat,Prov. D.K.I. Jakarta
55,  20101613,SMAS 2 Santo Leo,SMA,Kec. Cengkareng,Kota Adm. Jakarta Barat,Prov. D.K.I. Jakarta
55,  20105759,SD Santo Leo,SD,Kec. Taman Sari,Kota Adm. Jakarta Barat,Prov. D.K.I. Jakarta
55,  20106875,SMP Santo Leo,SMP,Kec. Taman Sari,Kota Adm. Jakarta Barat,Prov. D.K.I. Jakarta
55,  20101614,SMAS Santo Leo,SMA,Kec. Taman Sari,Kota Adm. Jakarta Barat,Prov. D.K.I. Jakarta
55,  20101472,SMKS Santo Leo,SMK,Kec. Taman Sari,Kota Adm. Jakarta Barat,Prov. D.K.I. Jakarta
66,  20102032,SDLB C Tri Asih Ii,SLB,Kec. Kebon Jeruk,Kota Adm. Jakarta Barat,Prov. D.K.I. Jakarta
66,  20110151,SDLB C1 Tri Asih I,SLB,Kec. Tambora,Kota Adm. Jakarta Barat,Prov. D.K.I. Jakarta
66,  20109328,SMPlb C Tri Asih,SLB,Kec. Kebon Jeruk,Kota Adm. Jakarta Barat,Prov. D.K.I. Jakarta
66,  69870684,SMKlb C Tri Asih,SLB,Kec. Kebon Jeruk,Kota Adm. Jakarta Barat,Prov. D.K.I. Jakarta
18,  20110918,TK Bintang Kejora,TK,Kec. Cengkareng,Kota Adm. Jakarta Barat,Prov. D.K.I. Jakarta
18,  20105633,SDS Bintang Kejora,SD,Kec. Cengkareng,Kota Adm. Jakarta Barat,Prov. D.K.I. Jakarta
18,  20106750,SMP Bintang Kejora,SMP,Kec. Cengkareng,Kota Adm. Jakarta Barat,Prov. D.K.I. Jakarta
18,  20104422,SMAS Katholik Bintang Kejora,SMA,Kec. Cengkareng,Kota Adm. Jakarta Barat,Prov. D.K.I. Jakarta
18,  20604437,SD Bintang Kejora,SD,Kec. Ciputat,Kota Tangerang Selatan,Prov. Banten
18,  20614474,SMP Bintang Kejora,SMP,Kec. Ciputat,Kota Tangerang Selatan,Prov. Banten
18,  69866342,TK Bintang Kejora,TK,Kec. Ciputat,Kota Tangerang Selatan,Prov. Banten
18,  20110526,TK Santo Ignatius,TK,Kec. Menteng,Kota Adm. Jakarta Pusat,Prov. D.K.I. Jakarta
18,  20104817,SD Santo Ignatius,SD,Kec. Menteng,Kota Adm. Jakarta Pusat,Prov. D.K.I. Jakarta
18,  20108514,SMKS Rex Mundi,SMK,Kec. Gambir,Kota Adm. Jakarta Pusat,Prov. D.K.I. Jakarta
50,  20111229,TK Ricci,TK,Kec. Taman Sari,Kota Adm. Jakarta Barat,Prov. D.K.I. Jakarta
50,  20105750,SD Ricci I,SD,Kec. Taman Sari,Kota Adm. Jakarta Barat,Prov. D.K.I. Jakarta
50,  20106867,SMP Katolik Ricci 1,SMP,Kec. Taman Sari,Kota Adm. Jakarta Barat,Prov. D.K.I. Jakarta
50,  20101311,SMAS Katolik Ricci,SMA,Kec. Taman Sari,Kota Adm. Jakarta Barat,Prov. D.K.I. Jakarta
50,  69866409,TK Ricci Ii,TK,Kec. Pondok Aren,Kota Tangerang Selatan,Prov. Banten
50,  20607808,SD Katolik Ricci Ii,SD,Kec. Pondok Aren,Kota Tangerang Selatan,Prov. Banten
50,  20603527,SMP Katolik Ricci Ii,SMP,Kec. Pondok Aren,Kota Tangerang Selatan,Prov. Banten
50,  20603347,SMAS Katolik Ricci Ii,SMA,Kec. Pondok Aren,Kota Tangerang Selatan,Prov. Banten
68,  90101077,Taman Kanak-Kanak Tunas Muda School Meruya,SPK TK,Kec. Kembangan,Kota Adm. Jakarta Barat,Prov. D.K.I. Jakarta
68,  20109361,Sekolah Dasar Tunas Muda School,SPK SD,Kec. Kembangan,Kota Adm. Jakarta Barat,Prov. D.K.I. Jakarta
68,  20112465,Sekolah Menengah Pertama Tunas Muda School,SPK SMP,Kec. Kembangan,Kota Adm. Jakarta Barat,Prov. D.K.I. Jakarta
68,  20104439,Sekolah Menengah Atas Tunas Muda School,SPK SMA,Kec. Kembangan,Kota Adm. Jakarta Barat,Prov. D.K.I. Jakarta
68,  90101120,Taman Kanak-Kanak Tunas Muda School Kedoya,SPK TK,Kec. Kebon Jeruk,Kota Adm. Jakarta Barat,Prov. D.K.I. Jakarta
68,  20105793,Sekolah Dasar Tunas Muda School Kedoya,SPK SD,Kec. Kebon Jeruk,Kota Adm. Jakarta Barat,Prov. D.K.I. Jakarta
68,,SMP Tunas Muda School Kedoya,SPK SMP,Kec. Kebon Jeruk,Kota Adm. Jakarta Barat,Prov. D.K.I. Jakarta
68,,SMA Tunas Muda School Kedoya,SPK SMA,Kec. Kebon Jeruk,Kota Adm. Jakarta Barat,Prov. D.K.I. Jakarta
5,  70037490,KB Santa Theresia,KB,Kec. Menteng,Kota Adm. Jakarta Pusat,Prov. D.K.I. Jakarta
5,  69773301,TK Santa Theresia,TK,Kec. Menteng,Kota Adm. Jakarta Pusat,Prov. D.K.I. Jakarta
5,  20104812,SD Santa Theresia,SD,Kec. Menteng,Kota Adm. Jakarta Pusat,Prov. D.K.I. Jakarta
5,  20106431,SMP Santa Theresia,SMP,Kec. Menteng,Kota Adm. Jakarta Pusat,Prov. D.K.I. Jakarta
5,  20100198,SMA Santa Theresia,SMA,Kec. Menteng,Kota Adm. Jakarta Pusat,Prov. D.K.I. Jakarta
5,  20100300,SMK Santa Theresia,SMK,Kec. Menteng,Kota Adm. Jakarta Pusat,Prov. D.K.I. Jakarta
11,  20106369,SMP Kanisius,SMP,Kec. Menteng,Kota Adm. Jakarta Pusat,Prov. D.K.I. Jakarta
11,  20100170,SMA Kanisius,SMA,Kec. Menteng,Kota Adm. Jakarta Pusat,Prov. D.K.I. Jakarta
10,69820331,TK Budi Mulia,TK,Kec. Kemayoran,Kota Adm. Jakarta Pusat,Prov. D.K.I. Jakarta
10,20110523,TK Sandika,TK,Kec. Kemayoran,Kota Adm. Jakarta Pusat,Prov. D.K.I. Jakarta
10,20104810,SD Sandika,SD,Kec. Kemayoran,Kota Adm. Jakarta Pusat,Prov. D.K.I. Jakarta
10,20109366,SDS Budi Mulia,SD,Kec. Kemayoran,Kota Adm. Jakarta Pusat,Prov. D.K.I. Jakarta
10,20100247,SMP Van Lith,SMP,Kec. Kemayoran,Kota Adm. Jakarta Pusat,Prov. D.K.I. Jakarta
10,69820380,TK Budi Mulia,TK,Kec. Sawah Besar,Kota Adm. Jakarta Pusat,Prov. D.K.I. Jakarta
10,20104731,SD Budi Mulia,SD,Kec. Sawah Besar,Kota Adm. Jakarta Pusat,Prov. D.K.I. Jakarta
10,20106353,SMP Budi Mulia,SMP,Kec. Sawah Besar,Kota Adm. Jakarta Pusat,Prov. D.K.I. Jakarta
10,20107249,SMA Budi Mulia,SMA,Kec. Sawah Besar,Kota Adm. Jakarta Pusat,Prov. D.K.I. Jakarta
10,20106269,SD Desa Putera,SD,Kec. Jagakarsa,Kota Adm. Jakarta Selatan,Prov. D.K.I. Jakarta
10,20106947,SMP Desa Putera,SMP,Kec. Jagakarsa,Kota Adm. Jakarta Selatan,Prov. D.K.I. Jakarta
10,20102551,SMKS Grafika Desa Putera Jakarta,SMK,Kec. Jagakarsa,Kota Adm. Jakarta Selatan,Prov. D.K.I. Jakarta
8,,Bina Teknik,SMK,,Kota Adm. Jakarta Pusat,Prov. D.K.I. Jakarta
25,  20111055,TK Melania I,TK,Kec. Taman Sari,Kota Adm. Jakarta Barat,Prov. D.K.I. Jakarta
25,  20108958,SD Melania I,SD,Kec. Taman Sari,Kota Adm. Jakarta Barat,Prov. D.K.I. Jakarta
25,  20106837,SMP Melania I,SMP,Kec. Taman Sari,Kota Adm. Jakarta Barat,Prov. D.K.I. Jakarta
25,  69820292,TK Melania Ii,TK,Kec. Cempaka Putih,Kota Adm. Jakarta Pusat,Prov. D.K.I. Jakarta
25,  20104775,SD Melania Iii,SD,Kec. Cempaka Putih,Kota Adm. Jakarta Pusat,Prov. D.K.I. Jakarta
25,  20100323,SMP Melania Ii,SMP,Kec. Cempaka Putih,Kota Adm. Jakarta Pusat,Prov. D.K.I. Jakarta
26,  69995721,KB Santa Maria,KB,Kec. Gambir,Kota Adm. Jakarta Pusat,Prov. D.K.I. Jakarta
26,  69820350,TK Santa Maria,TK,Kec. Gambir,Kota Adm. Jakarta Pusat,Prov. D.K.I. Jakarta
26,  20104811,SD Santa Maria,SD,Kec. Gambir,Kota Adm. Jakarta Pusat,Prov. D.K.I. Jakarta
26,  20100320,SMP Santa Maria,SMP,Kec. Gambir,Kota Adm. Jakarta Pusat,Prov. D.K.I. Jakarta
26,  20100299,SMK Santa Maria,SMK,Kec. Gambir,Kota Adm. Jakarta Pusat,Prov. D.K.I. Jakarta
43,  20110529,TK Santo Yoseph,TK,Kec. Sawah Besar,Kota Adm. Jakarta Pusat,Prov. D.K.I. Jakarta
43,  20104821,SDS Santo Yoseph,SD,Kec. Sawah Besar,Kota Adm. Jakarta Pusat,Prov. D.K.I. Jakarta
43,  20106432,SMP Santo Yoseph,SMP,Kec. Sawah Besar,Kota Adm. Jakarta Pusat,Prov. D.K.I. Jakarta
43,,SMA Santo Yoseph,SMA,Kec. Sawah Besar,Kota Adm. Jakarta Pusat,Prov. D.K.I. Jakarta
31,  20104799,SD Paskalis I,SD,Kec. Johar Baru,Kota Adm. Jakarta Pusat,Prov. D.K.I. Jakarta
31,  20104818,SD Santo Mikael,SD,Kec. Kemayoran,Kota Adm. Jakarta Pusat,Prov. D.K.I. Jakarta
31,  20106426,SMP Paskalis 1,SMP,Kec. Johar Baru,Kota Adm. Jakarta Pusat,Prov. D.K.I. Jakarta
31,  20100316,SMP Paskalis 3,SMP,Kec. Kemayoran,Kota Adm. Jakarta Pusat,Prov. D.K.I. Jakarta
31,  20100173,SMAS Paskalis,SMA,Kec. Kemayoran,Kota Adm. Jakarta Pusat,Prov. D.K.I. Jakarta
46,  69830723,TKk Boncel,TK,Kec. Jagakarsa,Kota Adm. Jakarta Selatan,Prov. D.K.I. Jakarta
46,  20104820,SDS Sint Yoseph,SD,Kec. Senen,Kota Adm. Jakarta Pusat,Prov. D.K.I. Jakarta
46,  20106435,SMP Sint Joseph,SMP,Kec. Senen,Kota Adm. Jakarta Pusat,Prov. D.K.I. Jakarta
46,  20100110,SMK Katolik Sint Joseph,SMK,Kec. Senen,Kota Adm. Jakarta Pusat,Prov. D.K.I. Jakarta
46,,PSAA Vicentius Putra,PSAA,Kec. Senen,Kota Adm. Jakarta Pusat,Prov. D.K.I. Jakarta
46,,PSAA Vicentius Putri,PSAA,Kec. Jatinegara,Kota Adm. Jakarta Timur,Prov. D.K.I. Jakarta
46,,Desa Putra,PSAA,Kec. Jagakarsa,Kota Adm. Jakarta Selatan,Prov. D.K.I. Jakarta
46,,Pindok Si Boncel,PSAA,Kec. Jagakarsa,Kota Adm. Jakarta Selatan,Prov. D.K.I. Jakarta
48,69773314,TK Strada St John Berchmans,TK,Kec. Kemayoran,Kota Adm. Jakarta Pusat,Prov. D.K.I. Jakarta
48,20104837,SD Strada Van Lith I,SD,Kec. Kemayoran,Kota Adm. Jakarta Pusat,Prov. D.K.I. Jakarta
48,20100226,SMP Strada Mardi Utama 1,SMP,Kec. Kemayoran,Kota Adm. Jakarta Pusat,Prov. D.K.I. Jakarta
48,20100303,SMKS Strada 1 Jakarta,SMK,Kec. Kemayoran,Kota Adm. Jakarta Pusat,Prov. D.K.I. Jakarta
48,20110540,TK Strada Bina Sejahtera,TK,Kec. Tanah Abang,Kota Adm. Jakarta Pusat,Prov. D.K.I. Jakarta
48,20104824,SDS Strada Pejompongan,SD,Kec. Tanah Abang,Kota Adm. Jakarta Pusat,Prov. D.K.I. Jakarta
48,20106437,SMP Strada Pelita Pejompongan,SMP,Kec. Tanah Abang,Kota Adm. Jakarta Pusat,Prov. D.K.I. Jakarta
48,20107258,SMKS Strada Jakarta,SMK,Kec. Sawah Besar,Kota Adm. Jakarta Pusat,Prov. D.K.I. Jakarta
48,69789206,TK Strada Bhakti Utama,TK,Kec. Pesanggrahan,Kota Adm. Jakarta Selatan,Prov. D.K.I. Jakarta
48,20107003,SMP Strada Bhakti Utama,SMP,Kec. Pesanggrahan,Kota Adm. Jakarta Selatan,Prov. D.K.I. Jakarta
48,20106317,SDS Strada Bhakti Utama,SD,Kec. Pesanggrahan,Kota Adm. Jakarta Selatan,Prov. D.K.I. Jakarta
48,69830777,TK Strada Indriyasana,TK,Kec. Pasar Minggu,Kota Adm. Jakarta Selatan,Prov. D.K.I. Jakarta
48,20106318,SDS Strada Wiyatasana,SD,Kec. Pasar Minggu,Kota Adm. Jakarta Selatan,Prov. D.K.I. Jakarta
48,20102428,SMP Strada Marga Mulia,SMP,Kec. Pasar Minggu,Kota Adm. Jakarta Selatan,Prov. D.K.I. Jakarta
48,20112185,TK Strada Santa Anna,TK,Kec. Duren Sawit,Kota Adm. Jakarta Timur,Prov. D.K.I. Jakarta
48,20109198,SDS Strada Dipamarga,SD,Kec. Duren Sawit,Kota Adm. Jakarta Timur,Prov. D.K.I. Jakarta
48,20109264,SDS Strada Van Lith Ii,SD,Kec. Duren Sawit,Kota Adm. Jakarta Timur,Prov. D.K.I. Jakarta
48,20108928,SMP Strada Santa Anna,SMP,Kec. Duren Sawit,Kota Adm. Jakarta Timur,Prov. D.K.I. Jakarta
48,20111269,TK Strada Dewi Sartika Ii,TK,Kec. Cengkareng,Kota Adm. Jakarta Barat,Prov. D.K.I. Jakarta
48,20105770,SD Strada Bina Mulia I,SD,Kec. Cengkareng,Kota Adm. Jakarta Barat,Prov. D.K.I. Jakarta
48,20108806,SMP Strada Pelita Ii,SMP,Kec. Cengkareng,Kota Adm. Jakarta Barat,Prov. D.K.I. Jakarta
48,20107273,SMKS Strada Ii Jakarta,SMK,Kec. Taman Sari,Kota Adm. Jakarta Barat,Prov. D.K.I. Jakarta
48,69857145,TK Strada St Theresia,TK,Kec. Cilincing,Kota Adm. Jakarta Utara,Prov. D.K.I. Jakarta
48,20105105,SDS Strada Tunas Keluarga Mulia I,SD,Kec. Cilincing,Kota Adm. Jakarta Utara,Prov. D.K.I. Jakarta
48,20105106,SDS Std TKm Ii,SD,Kec. Cilincing,Kota Adm. Jakarta Utara,Prov. D.K.I. Jakarta
48,20106656,SMP Strada St Fransiskus Xaverius Iii,SMP,Kec. Cilincing,Kota Adm. Jakarta Utara,Prov. D.K.I. Jakarta
48,69857041,TK Strada Santa Clara,TK,Kec. Koja,Kota Adm. Jakarta Utara,Prov. D.K.I. Jakarta
48,20105108,SD Strada St Ignatius,SD,Kec. Koja,Kota Adm. Jakarta Utara,Prov. D.K.I. Jakarta
48,20105110,SD Strada St Fransiskus Xaverius,SD,Kec. Koja,Kota Adm. Jakarta Utara,Prov. D.K.I. Jakarta
48,20106674,SMP Strada Santo Fx-I,SMP,Kec. Koja,Kota Adm. Jakarta Utara,Prov. D.K.I. Jakarta
48,20106675,SMP Strada Fx Ii,SMP,Kec. Koja,Kota Adm. Jakarta Utara,Prov. D.K.I. Jakarta
48,20107463,SMKS Strada 3 Jakarta,SMK,Kec. Koja,Kota Adm. Jakarta Utara,Prov. D.K.I. Jakarta
48,20105100,SDS Santo Petrus,SD,Kec. Tanjung Priok,Kota Adm. Jakarta Utara,Prov. D.K.I. Jakarta
48,20105109,SDS Strada Santo Paulus,SD,Kec. Tanjung Priok,Kota Adm. Jakarta Utara,Prov. D.K.I. Jakarta
48,20615319,TK Strada Mgr Sugiyopranoto Sj,TK,Kec. Teluk naga,Kab. Tangerang,Prov. Banten
48,20604646,"SD Strada Mgr Sugiyopranoto,Sj",SD,Kec. Teluk naga,Kab. Tangerang,Prov. Banten
48,20603237,SMP Strada Bhakti Mulia,SMP,Kec. Teluk naga,Kab. Tangerang,Prov. Banten
48,70039377,TK Strada Yos Sudarso,TK,Kec. Curug,Kab. Tangerang,Prov. Banten
48,20604647,SDS Strada Yos Sudarso,SD,Kec. Curug,Kab. Tangerang,Prov. Banten
48,70000075,SMP Strada Yos Sudarso,SMP,Kec. Curug,Kab. Tangerang,Prov. Banten
48,20266332,TK Strada Bhakti Wiyata,TK,Kec. Bekasi Barat,Kota Bekasi,Prov. Jawa Barat
48,20231624,SD Strada Bhakti Wiyata I,SD,Kec. Bekasi Barat,Kota Bekasi,Prov. Jawa Barat
48,20231625,SD Strada Bhakti Wiyata Ii,SD,Kec. Bekasi Barat,Kota Bekasi,Prov. Jawa Barat
48,20223016,SMP Strada Bhakti Wiyata,SMP,Kec. Bekasi Barat,Kota Bekasi,Prov. Jawa Barat
48,20266262,TK Strada Budi Luhur,TK,Kec. Bekasi Timur,Kota Bekasi,Prov. Jawa Barat
48,20231626,SD Strada Budi Luhur I,SD,Kec. Bekasi Timur,Kota Bekasi,Prov. Jawa Barat
48,20231627,SD Strada Budi Luhur Ii,SD,Kec. Bekasi Timur,Kota Bekasi,Prov. Jawa Barat
48,20222997,SMP Strada Budi Luhur,SMP,Kec. Bekasi Timur,Kota Bekasi,Prov. Jawa Barat
48,70006118,SMA Strada Bhakti Wiyata,SMA,Kec. Bekasi Barat,Kota Bekasi,Prov. Jawa Barat
48,20223132,SMKS Strada Budi Luhur,SMK,Kec. Bekasi Timur,Kota Bekasi,Prov. Jawa Barat
48,20266264,TK Strada Nawar,TK,Kec. Jati Sampurna,Kota Bekasi,Prov. Jawa Barat
48,20223654,SD Strada Nawar,SD,Kec. Jati Sampurna,Kota Bekasi,Prov. Jawa Barat
48,20222995,SMP Strada Nawar,SMP,Kec. Jati Sampurna,Kota Bekasi,Prov. Jawa Barat
48,70002037,TK Strada Cakung,TK,Kec. Jatiasih,Kota Bekasi,Prov. Jawa Barat
48,20231628,SD Strada Cakung,SD,Kec. Jatiasih,Kota Bekasi,Prov. Jawa Barat
48,20266263,TK Strada Kampung Sawah,TK,Kec. Pondok Melati,Kota Bekasi,Prov. Jawa Barat
48,20223641,SDk Strada Kampung Sawah,SD,Kec. Pondok Melati,Kota Bekasi,Prov. Jawa Barat
48,20222996,SMP Strada Kampung Sawah,SMP,Kec. Pondok Melati,Kota Bekasi,Prov. Jawa Barat
48,69755943,TKS Strada Bhakti Nusa,TK,Kec. Serpong Utara,Kota Tangerang Selatan,Prov. Banten
48,20604659,SD Strada Bhakti Nusa,SD,Kec. Serpong Utara,Kota Tangerang Selatan,Prov. Banten
48,20613765,SMP Strada Bhakti Nusa,SMP,Kec. Serpong Utara,Kota Tangerang Selatan,Prov. Banten
48,69890523,TK Strada Dewi Sartika I,TK,Kec. Tangerang,Kota Tangerang,Prov. Banten
48,69912879,TK Strada Santa Maria 1,TK,Kec. Tangerang,Kota Tangerang,Prov. Banten
48,20607289,SD Strada St Fransiskus,SD,Kec. Tangerang,Kota Tangerang,Prov. Banten
48,20607290,SD Strada Santa Maria,SD,Kec. Tangerang,Kota Tangerang,Prov. Banten
48,20606795,SMP Strada Santa Maria 1,SMP,Kec. Tangerang,Kota Tangerang,Prov. Banten
48,69762097,TK Strada Dewi Sartika Iii,TK,Kec. Karawaci,Kota Tangerang,Prov. Banten
48,69803152,TK Strada Santa Maria Ii,TK,Kec. Karawaci,Kota Tangerang,Prov. Banten
48,20607299,SD Strada St Aloysius I,SD,Kec. Karawaci,Kota Tangerang,Prov. Banten
48,20606794,SMP Strada Santa Maria 2,SMP,Kec. Karawaci,Kota Tangerang,Prov. Banten
48,20606833,SMA Strada St Thomas Aquino,SMA,Kec. Karawaci,Kota Tangerang,Prov. Banten
48,20606914,SMKS Strada Daan Mogot,SMK,Kec. Karawaci,Kota Tangerang,Prov. Banten
48,20607010,SD Strada Slamet Riyadi 01,SD,Kec. Cibodas,Kota Tangerang,Prov. Banten
48,20607288,SD Strada Slamet Riyadi 2,SD,Kec. Cibodas,Kota Tangerang,Prov. Banten
48,20606793,SMP Strada Slamet Riyadi,SMP,Kec. Cibodas,Kota Tangerang,Prov. Banten
53,  69773303,TK Santo Fransiskus,TK,Kec. Senen,Kota Adm. Jakarta Pusat,Prov. D.K.I. Jakarta
53,  20104815,SDS Santo Fransiskus I,SD,Kec. Senen,Kota Adm. Jakarta Pusat,Prov. D.K.I. Jakarta
53,  20106434,SMP St Fransiskus I,SMP,Kec. Senen,Kota Adm. Jakarta Pusat,Prov. D.K.I. Jakarta
53,  20100489,SMAS Fransiskus 1 Jakarta,SMA,Kec. Senen,Kota Adm. Jakarta Pusat,Prov. D.K.I. Jakarta
53,  20100139,SMKS Franciskus 2,SMK,Kec. Senen,Kota Adm. Jakarta Pusat,Prov. D.K.I. Jakarta
53,  20103220,SMAS Fransiskus 2 Jakarta,SMA,Kec. Pulo Gadung,Kota Adm. Jakarta Timur,Prov. D.K.I. Jakarta
53,  20103561,SMKS Fransiskus 1 Jakarta,SMK,Kec. Pulo Gadung,Kota Adm. Jakarta Timur,Prov. D.K.I. Jakarta
58,  20110525,TK Santa Ursula,TK,Kec. Sawah Besar,Kota Adm. Jakarta Pusat,Prov. D.K.I. Jakarta
58,  20104813,SD Santa Ursula,SD,Kec. Sawah Besar,Kota Adm. Jakarta Pusat,Prov. D.K.I. Jakarta
58,  20100321,SMP Santa Ursula,SMP,Kec. Sawah Besar,Kota Adm. Jakarta Pusat,Prov. D.K.I. Jakarta
58,  20108383,SMA Santa Ursula,SMA,Kec. Sawah Besar,Kota Adm. Jakarta Pusat,Prov. D.K.I. Jakarta
65,20109701,TK Tarakanita 5,TK,Kec. Pulo Gadung,Kota Adm. Jakarta Timur,Prov. D.K.I. Jakarta
65,20109107,SD Tarakanita 5,SD,Kec. Pulo Gadung,Kota Adm. Jakarta Timur,Prov. D.K.I. Jakarta
65,20107157,SMP Tarakanita 4,SMP,Kec. Pulo Gadung,Kota Adm. Jakarta Timur,Prov. D.K.I. Jakarta
65,69856980,TK Tarakanita 4,TK,Kec. Penjaringan,Kota Adm. Jakarta Utara,Prov. D.K.I. Jakarta
65,20105116,SD Tarakanita 4,SD,Kec. Penjaringan,Kota Adm. Jakarta Utara,Prov. D.K.I. Jakarta
65,20106685,SMP Tarakanita 2,SMP,Kec. Penjaringan,Kota Adm. Jakarta Utara,Prov. D.K.I. Jakarta
65,20100613,SMAS Tarakanita 2,SMA,Kec. Penjaringan,Kota Adm. Jakarta Utara,Prov. D.K.I. Jakarta
65,69830947,TK Tarakanita I,TK,Kec. Kebayoran Baru,Kota Adm. Jakarta Selatan,Prov. D.K.I. Jakarta
65,69831068,TK Tarakanita 2,TK,Kec. Kebayoran Baru,Kota Adm. Jakarta Selatan,Prov. D.K.I. Jakarta
65,20106324,SD Tarakanita 1,SD,Kec. Kebayoran Baru,Kota Adm. Jakarta Selatan,Prov. D.K.I. Jakarta
65,20106325,SD Tarakanita 2,SD,Kec. Kebayoran Baru,Kota Adm. Jakarta Selatan,Prov. D.K.I. Jakarta
65,20107007,SMP Tarakanita 1,SMP,Kec. Kebayoran Baru,Kota Adm. Jakarta Selatan,Prov. D.K.I. Jakarta
65,20107008,SMP Tarakanita 5,SMP,Kec. Kebayoran Baru,Kota Adm. Jakarta Selatan,Prov. D.K.I. Jakarta
65,20107334,SMA Tarakanita 1 Jakarta,SMA,Kec. Kebayoran Baru,Kota Adm. Jakarta Selatan,Prov. D.K.I. Jakarta
65,20102435,SMKS Tarakanita Jakarta,SMK,Kec. Kebayoran Baru,Kota Adm. Jakarta Selatan,Prov. D.K.I. Jakarta
65,69830923,TK Tarakanita 3,TK,Kec. Kebayoran Lama,Kota Adm. Jakarta Selatan,Prov. D.K.I. Jakarta
65,20106326,SD Tarakanita 3,SD,Kec. Kebayoran Lama,Kota Adm. Jakarta Selatan,Prov. D.K.I. Jakarta
65,20107009,SMP Tarakanita 3,SMP,Kec. Kebayoran Lama,Kota Adm. Jakarta Selatan,Prov. D.K.I. Jakarta
65,60702884,TKS Tarakanita Gading Serpong,TK,Kec. Kelapa Dua,Kab. Tangerang,Prov. Banten
65,20604652,SD Tarakanita Gading Serpong,SD,Kec. Kelapa Dua,Kab. Tangerang,Prov. Banten
65,20603242,SMP Tarakanita Gading Serpong,SMP,Kec. Kelapa Dua,Kab. Tangerang,Prov. Banten
65,20613524,SMAS Tarakanita Gading Serpong,SMA,Kec. Kelapa Dua,Kab. Tangerang,Prov. Banten
65,20615406,TK Tarakanita,TK,Kec. Panongan,Kab. Tangerang,Prov. Banten
65,20604651,SDS Tarakanita Citra Raya,SD,Kec. Panongan,Kab. Tangerang,Prov. Banten
65,20613461,SMP Tarakanita Citra Raya,SMP,Kec. Panongan,Kab. Tangerang,Prov. Banten
65,20616138,SMAS Tarakanita Citra Raya,SMA,Kec. Panongan,Kab. Tangerang,Prov. Banten
64,  69820327,TK Santo Paulus I,TK,Kec. Gambir,Kota Adm. Jakarta Pusat,Prov. D.K.I. Jakarta
64,  20104819,SD S Santo Paulus 1,SD,Kec. Gambir,Kota Adm. Jakarta Pusat,Prov. D.K.I. Jakarta
64,  20106429,SMP St Paulus,SMP,Kec. Gambir,Kota Adm. Jakarta Pusat,Prov. D.K.I. Jakarta
64,  20100179,SMAS Santo Paulus Jakarta,SMA,Kec. Gambir,Kota Adm. Jakarta Pusat,Prov. D.K.I. Jakarta
64,  20100301,SMKS Santo Paulus,SMK,Kec. Gambir,Kota Adm. Jakarta Pusat,Prov. D.K.I. Jakarta
64,  20111252,TK Santo Paulus,TK,Kec. Kali Deres,Kota Adm. Jakarta Barat,Prov. D.K.I. Jakarta
64,  20105761,SDS Santo Paulus Ii,SD,Kec. Kali Deres,Kota Adm. Jakarta Barat,Prov. D.K.I. Jakarta
64,  69981898,SMP Santo Paulus Ii,SMP,Kec. Kali Deres,Kota Adm. Jakarta Barat,Prov. D.K.I. Jakarta
64,  69762149,TK Santo Paulus Iii,TK,Kec. Batuceper,Kota Tangerang,Prov. Banten
64,  20614539,SD Santo Paulus Iii,SD,Kec. Batuceper,Kota Tangerang,Prov. Banten
2,  20112170,TK Santo Vincetius,TK,Kec. Jatinegara,Kota Adm. Jakarta Timur,Prov. D.K.I. Jakarta
2,  20108433,SDS Santo Vincentius,SD,Kec. Jatinegara,Kota Adm. Jakarta Timur,Prov. D.K.I. Jakarta
2,  20107153,SMP St Vincentius,SMP,Kec. Jatinegara,Kota Adm. Jakarta Timur,Prov. D.K.I. Jakarta
15,  20109688,TK Santo Fransiskus,TK,Kec. Pulo Gadung,Kota Adm. Jakarta Timur,Prov. D.K.I. Jakarta
15,  20109032,SD Santo Fransiskus Iii,SD,Kec. Pulo Gadung,Kota Adm. Jakarta Timur,Prov. D.K.I. Jakarta
15,  20108988,SMP St Fransiskus Ii Jakarta,SMP,Kec. Pulo Gadung,Kota Adm. Jakarta Timur,Prov. D.K.I. Jakarta
17,,TK Santa Maria Fatima,TK,Kec. Jatinegara,Kota Adm. Jakarta Timur,Prov. D.K.I. Jakarta
17,  20103907,SD Santa Maria Fatima,SD,Kec. Jatinegara,Kota Adm. Jakarta Timur,Prov. D.K.I. Jakarta
17,  20107152,SMP Santa Maria Fatima,SMP,Kec. Jatinegara,Kota Adm. Jakarta Timur,Prov. D.K.I. Jakarta
36,  20109958,TK Ignatius Slamet Riyadi,TK,Kec. Pasar Rebo,Kota Adm. Jakarta Timur,Prov. D.K.I. Jakarta
36,,TK Ignatius Slamet Riyadi 2,TK,Kec. Pasar Rebo,Kota Adm. Jakarta Timur,Prov. D.K.I. Jakarta
36,  20109193,SDS Ignatius Slamet Riyadi Ii,SD,Kec. Pasar Rebo,Kota Adm. Jakarta Timur,Prov. D.K.I. Jakarta
36,  20109219,SDk Ignatius Slamet Riyadi I,SD,Kec. Pasar Rebo,Kota Adm. Jakarta Timur,Prov. D.K.I. Jakarta
36,  20107089,SMP Ignatius Slamet Riyadi,SMP,Kec. Pasar Rebo,Kota Adm. Jakarta Timur,Prov. D.K.I. Jakarta
36,  20103238,SMAS Ign Slamet Riyadi,SMA,Kec. Pasar Rebo,Kota Adm. Jakarta Timur,Prov. D.K.I. Jakarta
70,  20109632,TK St Antonius Matraman,TK,Kec. Matraman,Kota Adm. Jakarta Timur,Prov. D.K.I. Jakarta
70,  20108372,SDS Antonius,SD,Kec. Matraman,Kota Adm. Jakarta Timur,Prov. D.K.I. Jakarta
70,,SMP Antonius,SMP,Kec. Matraman,Kota Adm. Jakarta Timur,Prov. D.K.I. Jakarta
29,  69857089,TK Don Bosco I,TK,Kec. Kelapa Gading,Kota Adm. Jakarta Utara,Prov. D.K.I. Jakarta
29,  20105024,SDS Don Bosco I,SD,Kec. Kelapa Gading,Kota Adm. Jakarta Utara,Prov. D.K.I. Jakarta
29,  20100838,SMP Don Bosco I,SMP,Kec. Kelapa Gading,Kota Adm. Jakarta Utara,Prov. D.K.I. Jakarta
29,  20100616,SMAS Don Bosco 1 Jakarta,SMA,Kec. Kelapa Gading,Kota Adm. Jakarta Utara,Prov. D.K.I. Jakarta
29,  20109676,TK Don Bosco Ii,TK,Kec. Pulo Gadung,Kota Adm. Jakarta Timur,Prov. D.K.I. Jakarta
29,  20108850,SD Don Bosco Ii,SD,Kec. Pulo Gadung,Kota Adm. Jakarta Timur,Prov. D.K.I. Jakarta
29,  20108851,SMP Don Bosco Ii,SMP,Kec. Pulo Gadung,Kota Adm. Jakarta Timur,Prov. D.K.I. Jakarta
29,  20103203,SMAS Don Bosco 2 Jakarta,SMA,Kec. Pulo Gadung,Kota Adm. Jakarta Timur,Prov. D.K.I. Jakarta
29,  69826371,TK Don Bosco Iii,TK,Kec. Cikarang Selatan,Kab. Bekasi,Prov. Jawa Barat
29,  20246378,SD Don Bosco Iii,SD,Kec. Cikarang Selatan,Kab. Bekasi,Prov. Jawa Barat
29,  20237943,SMP Don Bosco Iii,SMP,Kec. Cikarang Selatan,Kab. Bekasi,Prov. Jawa Barat
29,  20253810,SMAS Don Bosco Iii,SMA,Kec. Cikarang Selatan,Kab. Bekasi,Prov. Jawa Barat
44,  20110116,TK Budhaya Ii Santo Agustinus,TK,Kec. Duren Sawit,Kota Adm. Jakarta Timur,Prov. D.K.I. Jakarta
44,  20109124,SD Budhaya Ii Santo Agustinus,SD,Kec. Duren Sawit,Kota Adm. Jakarta Timur,Prov. D.K.I. Jakarta
44,  20107065,SMP Budhaya Iii Santo Agustinus,SMP,Kec. Duren Sawit,Kota Adm. Jakarta Timur,Prov. D.K.I. Jakarta
44,  20103216,SMAS Budhaya 2 St Agustinus,SMA,Kec. Duren Sawit,Kota Adm. Jakarta Timur,Prov. D.K.I. Jakarta
37,,TK Santo Antonius,TK,Kec. Jatinegara,Kota Adm. Jakarta Timur,Prov. D.K.I. Jakarta
37,  20108864,SDS Santo Antonius I,SD,Kec. Jatinegara,Kota Adm. Jakarta Timur,Prov. D.K.I. Jakarta
37,  20107150,SMP St Antonius,SMP,Kec. Jatinegara,Kota Adm. Jakarta Timur,Prov. D.K.I. Jakarta
37,  20103197,SMAS St Antonius Jakarta,SMA,Kec. Jatinegara,Kota Adm. Jakarta Timur,Prov. D.K.I. Jakarta
56,  20110099,TK Santo Markus,TK,Kec. Kramat Jati,Kota Adm. Jakarta Timur,Prov. D.K.I. Jakarta
56,  20103899,SDS Santo Markus,SD,Kec. Kramat Jati,Kota Adm. Jakarta Timur,Prov. D.K.I. Jakarta
56,  20103491,SMP Santo Markus,SMP,Kec. Kramat Jati,Kota Adm. Jakarta Timur,Prov. D.K.I. Jakarta
56,  20110236,TK Santo Markus Ii,TK,Kec. Cipayung,Kota Adm. Jakarta Timur,Prov. D.K.I. Jakarta
56,  20109015,SD Santo Markus Ii,SD,Kec. Cipayung,Kota Adm. Jakarta Timur,Prov. D.K.I. Jakarta
56,  20107146,SMP Santo Markus Ii,SMP,Kec. Cipayung,Kota Adm. Jakarta Timur,Prov. D.K.I. Jakarta
41,  20109858,TK Santo Yoseph,TK,Kec. Cakung,Kota Adm. Jakarta Timur,Prov. D.K.I. Jakarta
41,  20103904,SD Santo Yoseph,SD,Kec. Cakung,Kota Adm. Jakarta Timur,Prov. D.K.I. Jakarta
41,  20107147,SMP Santo Yoseph,SMP,Kec. Cakung,Kota Adm. Jakarta Timur,Prov. D.K.I. Jakarta
41,  20103196,SMAS Santo Yoseph Jakarta,SMA,Kec. Cakung,Kota Adm. Jakarta Timur,Prov. D.K.I. Jakarta
9,  69769698,TK Maria Mediatrix,TK,Kec. Pasar Kemis,Kab. Tangerang,Prov. Banten
9,  20604623,SD Maria Mediatrix,SD,Kec. Pasar Kemis,Kab. Tangerang,Prov. Banten
9,  20603552,SMP Maria Mediatrix,SMP,Kec. Pasar Kemis,Kab. Tangerang,Prov. Banten
9,  20603352,SMAS Maria Mediatrik,SMA,Kec. Pasar Kemis,Kab. Tangerang,Prov. Banten
9,  20603261,SMKS Maria Mediatrix,SMK,Kec. Pasar Kemis,Kab. Tangerang,Prov. Banten
49,20614807,TK Maria Immaculata,TK,Kec. Cipondoh,Kota Tangerang,Prov. Banten
49,20606586,SDS Maria Immaculata,SD,Kec. Cipondoh,Kota Tangerang,Prov. Banten
49,20606681,SMP Maria Immaculata,SMP,Kec. Cipondoh,Kota Tangerang,Prov. Banten
7,  69866324,TK Bhakti Prima,TK,Kec. Pamulang,Kota Tangerang Selatan,Prov. Banten
7,  20604418,SD Bhakti Prima,SD,Kec. Pamulang,Kota Tangerang Selatan,Prov. Banten
7,  20603642,SMP Bhakti Prima,SMP,Kec. Pamulang,Kota Tangerang Selatan,Prov. Banten
7,  70037968,SMA Katolik Bhakti Prima,SMA,Kec. Pamulang,Kota Tangerang Selatan,Prov. Banten
51,  69979793,KB Santa Ursula,KB,Kec. Serpong,Kota Tangerang Selatan,Prov. Banten
51,  69866302,TK Santa Ursula BSD,TK,Kec. Serpong,Kota Tangerang Selatan,Prov. Banten
51,  20604672,SD Santa Ursula BSD,SD,Kec. Serpong,Kota Tangerang Selatan,Prov. Banten
51,  20603217,SMP Santa Ursula BSD,SMP,Kec. Serpong,Kota Tangerang Selatan,Prov. Banten
51,  20603376,SMA Santa Ursula BSD,SMA,Kec. Serpong,Kota Tangerang Selatan,Prov. Banten
40,  69895623,TK St Johns Catholic School,TK,Kec. Serpong,Kota Tangerang Selatan,Prov. Banten
40,  20613807,SD Saint Johns Catholic School,SPK SD,Kec. Serpong,Kota Tangerang Selatan,Prov. Banten
40,  20613808,SMP Saint Johns Catholic School,SPK SMP,Kec. Serpong,Kota Tangerang Selatan,Prov. Banten
40,  20613806,SMA Saint John`S Catholic School,SPK SMA,Kec. Serpong,Kota Tangerang Selatan,Prov. Banten
40,  69909406,TK Saint Johns School,TK,Kec. Kembangan,Kota Adm. Jakarta Barat,Prov. D.K.I. Jakarta
40,  20108328,SDS Saint John S School,SD,Kec. Kembangan,Kota Adm. Jakarta Barat,Prov. D.K.I. Jakarta
40,  20108518,SMP Saint John S School,SMP,Kec. Kembangan,Kota Adm. Jakarta Barat,Prov. D.K.I. Jakarta
40,  20177837,SMAS Saint Johns School,SMA,Kec. Kembangan,Kota Adm. Jakarta Barat,Prov. D.K.I. Jakarta
67,  69755938,TKS Santa Laurensia,TK,Kec. Serpong Utara,Kota Tangerang Selatan,Prov. Banten
67,  20604673,SD Santa Laurensia,SPK SD,Kec. Serpong Utara,Kota Tangerang Selatan,Prov. Banten
67,  20613927,SMP Santa Laurensia,SPK SMP,Kec. Serpong Utara,Kota Tangerang Selatan,Prov. Banten
67,  20613520,SMAS Santa Laurensia,SPK SMA,Kec. Serpong Utara,Kota Tangerang Selatan,Prov. Banten
67,  69984699,TK Santa Laurensia Suvarna Sutera,TK,Kec. Sindang Jaya,Kab. Tangerang,Prov. Banten
67,  69979161,SD Santa Laurensia Suvarna Sutera,SD,Kec. Sindang Jaya,Kab. Tangerang,Prov. Banten
67,  69979160,SMP Santa Laurensia Suvarna Sutera,SMP,Kec. Sindang Jaya,Kab. Tangerang,Prov. Banten
67,  69987588,SMA Santa Laurensia Suvarna Sutera,SMA,Kec. Sindang Jaya,Kab. Tangerang,Prov. Banten
34,  69905415,TK Fioretti Tigaraksa,TK,Kec. Tiga raksa,Kab. Tangerang,Prov. Banten
34,  20614271,SDS Fioretti Tigaraksa,SD,Kec. Tiga raksa,Kab. Tangerang,Prov. Banten
34,  20614348,SMPS Fioretti,SMP,Kec. Tiga raksa,Kab. Tangerang,Prov. Banten
21,  69866286,TK Stella Maris School,TK,Kec. Serpong,Kota Tangerang Selatan,Prov. Banten
21,  20604618,SD Stella Maris,SD,Kec. Serpong,Kota Tangerang Selatan,Prov. Banten
21,  20603236,SMP Stella Maris,SMP,Kec. Serpong,Kota Tangerang Selatan,Prov. Banten
21,  20603377,SMAS Stella Maris BSD,SMA,Kec. Serpong,Kota Tangerang Selatan,Prov. Banten
21,  69963806,TK Stella Maris School,TK,Kec. Kelapa Dua,Kab. Tangerang,Prov. Banten
21,  69888752,SD Stella Maris School,SPK SD,Kec. Kelapa Dua,Kab. Tangerang,Prov. Banten
21,  20622284,SMP Stella Maris School,SPK SMP,Kec. Kelapa Dua,Kab. Tangerang,Prov. Banten
21,  69883655,SMAS Stella Maris School,SPK SMA,Kec. Kelapa Dua,Kab. Tangerang,Prov. Banten
47,,TK Mater Dei,TK,Kec. Pamulang,Kota Tangerang Selatan,Prov. Banten
47,,SD Mater Dei,SD,Kec. Pamulang,Kota Tangerang Selatan,Prov. Banten
47,,SMP Mater Dei,SMP,Kec. Pamulang,Kota Tangerang Selatan,Prov. Banten
47,,SMA Mater Dei,SMA,Kec. Pamulang,Kota Tangerang Selatan,Prov. Banten
13,  69909241,TK Santa Patricia,TK,Kec. Benda,Kota Tangerang,Prov. Banten
13,  20606474,SD Santa Patricia,SD,Kec. Benda,Kota Tangerang,Prov. Banten
13,  20606797,SMP Santa Patricia,SMP,Kec. Benda,Kota Tangerang,Prov. Banten
13,  20606835,SMAS Santa Patricia,SMA,Kec. Benda,Kota Tangerang,Prov. Banten
4,  69857102,TK Marie Joseph,TK,Kec. Kelapa Gading,Kota Adm. Jakarta Utara,Prov. D.K.I. Jakarta
4,  20109384,SD Marie Joseph,SD,Kec. Kelapa Gading,Kota Adm. Jakarta Utara,Prov. D.K.I. Jakarta
4,  20109255,SMP Marie Joseph,SMP,Kec. Kelapa Gading,Kota Adm. Jakarta Utara,Prov. D.K.I. Jakarta
4,  20109180,SMAS Marie Joseph,SMA,Kec. Kelapa Gading,Kota Adm. Jakarta Utara,Prov. D.K.I. Jakarta
63,  69856998,TK Santo Paulus,TK,Kec. Tanjung Priok,Kota Adm. Jakarta Utara,Prov. D.K.I. Jakarta
63,  20105099,SDS Katolik Santo Paulus,SD,Kec. Tanjung Priok,Kota Adm. Jakarta Utara,Prov. D.K.I. Jakarta
63,  20100730,SMP Katolik Santo Paulus,SMP,Kec. Tanjung Priok,Kota Adm. Jakarta Utara,Prov. D.K.I. Jakarta
61,  69856960,TK Stella Maris,TK,Kec. Penjaringan,Kota Adm. Jakarta Utara,Prov. D.K.I. Jakarta
61,  20105107,SDS Stella Maris,SD,Kec. Penjaringan,Kota Adm. Jakarta Utara,Prov. D.K.I. Jakarta
61,  20106672,SMP Stella Maris,SMP,Kec. Penjaringan,Kota Adm. Jakarta Utara,Prov. D.K.I. Jakarta
61,  20107393,SMAS Stella Maris Jakarta,SMA,Kec. Penjaringan,Kota Adm. Jakarta Utara,Prov. D.K.I. Jakarta
42,  20110769,TK Santo Lukas I,TK,Kec. Pademangan,Kota Adm. Jakarta Utara,Prov. D.K.I. Jakarta
42,  20105097,SDS Santo Lukas I,SD,Kec. Pademangan,Kota Adm. Jakarta Utara,Prov. D.K.I. Jakarta
42,  20106670,SMP Santa Maria Della Strada,SMP,Kec. Pademangan,Kota Adm. Jakarta Utara,Prov. D.K.I. Jakarta
42,  20107394,SMAS St Maria Della Strada,SMA,Kec. Pademangan,Kota Adm. Jakarta Utara,Prov. D.K.I. Jakarta
39,  69856999,TK Santo Lukas Penginjil,TK,Kec. Tanjung Priok,Kota Adm. Jakarta Utara,Prov. D.K.I. Jakarta
39,  20105098,SDS Santo Lukas Iii Penginjil,SD,Kec. Tanjung Priok,Kota Adm. Jakarta Utara,Prov. D.K.I. Jakarta
39,  20100729,SMP St Lukas Ii,SMP,Kec. Tanjung Priok,Kota Adm. Jakarta Utara,Prov. D.K.I. Jakarta
39,  20107391,SMAS Santo Lukas 1 Jakarta,SMA,Kec. Tanjung Priok,Kota Adm. Jakarta Utara,Prov. D.K.I. Jakarta
39,  20107462,SMKS Spes Patriae,SMK,Kec. Tanjung Priok,Kota Adm. Jakarta Utara,Prov. D.K.I. Jakarta
57,  69857107,TK Santo Yakobus,TK,Kec. Kelapa Gading,Kota Adm. Jakarta Utara,Prov. D.K.I. Jakarta
57,  20105101,SDS Santo Yakobus,SD,Kec. Kelapa Gading,Kota Adm. Jakarta Utara,Prov. D.K.I. Jakarta
57,  20109271,SMP Santo Yakobus,SMP,Kec. Kelapa Gading,Kota Adm. Jakarta Utara,Prov. D.K.I. Jakarta
57,  20100799,SMAS Santo Yakobus Jakarta,SMA,Kec. Kelapa Gading,Kota Adm. Jakarta Utara,Prov. D.K.I. Jakarta
33,  69830813,TK Charitas St Stephanus,TK,Kec. Cilandak,Kota Adm. Jakarta Selatan,Prov. D.K.I. Jakarta
33,  20106265,SDS Charitas St Stephanus,SD,Kec. Cilandak,Kota Adm. Jakarta Selatan,Prov. D.K.I. Jakarta
33,  20102410,SMP Charitas,SMP,Kec. Cilandak,Kota Adm. Jakarta Selatan,Prov. D.K.I. Jakarta
33,  20107289,SMA Charitas,SMA,Kec. Cilandak,Kota Adm. Jakarta Selatan,Prov. D.K.I. Jakarta
54,  69830994,TK Asisi,TK,Kec. Tebet,Kota Adm. Jakarta Selatan,Prov. D.K.I. Jakarta
54,  20102746,SDS Asisi I,SD,Kec. Tebet,Kota Adm. Jakarta Selatan,Prov. D.K.I. Jakarta
54,  20106933,SMP Asisi,SMP,Kec. Tebet,Kota Adm. Jakarta Selatan,Prov. D.K.I. Jakarta
54,  20107278,SMAS Asisi Jakarta,SMA,Kec. Tebet,Kota Adm. Jakarta Selatan,Prov. D.K.I. Jakarta
54,  20102537,SMK Asisi,SMK,Kec. Tebet,Kota Adm. Jakarta Selatan,Prov. D.K.I. Jakarta
30,69830831,TK Pangudi Luhur,TK,Kec. Cilandak,Kota Adm. Jakarta Selatan,Prov. D.K.I. Jakarta
30,20106310,SD Pangudi Luhur,SD,Kec. Cilandak,Kota Adm. Jakarta Selatan,Prov. D.K.I. Jakarta
30,20102418,SMP Pangudi Luhur,SMP,Kec. Cilandak,Kota Adm. Jakarta Selatan,Prov. D.K.I. Jakarta
30,20107322,SMAS Pangudi Luhur Jakarta,SMA,Kec. Kebayoran Baru,Kota Adm. Jakarta Selatan,Prov. D.K.I. Jakarta
30,20108949,SLB B Pangudi Luhur,SLB,Kec. Kembangan,Kota Adm. Jakarta Barat,Prov. D.K.I. Jakarta
30,69825992,TK Pangudi Luhur Bernardus,TK,Kec. Cikarang Pusat,Kab. Bekasi,Prov. Jawa Barat
30,20258248,SD Pangudi Luhur Bernardus,SD,Kec. Cikarang Pusat,Kab. Bekasi,Prov. Jawa Barat
30,20271045,SMP Pangudi Luhur Bernardus,SMP,Kec. Cikarang Pusat,Kab. Bekasi,Prov. Jawa Barat
30,69864644,SMAS Pangudi Luhur Bernardus,SMA,Kec. Cikarang Pusat,Kab. Bekasi,Prov. Jawa Barat
30,,TK Pangudi Luhur Ii Servasius,TK,Kec. Pondok Melati,Kota Bekasi,Prov. Jawa Barat
30,,SD Pangudi Luhur Ii Servasius,SD,Kec. Pondok Melati,Kota Bekasi,Prov. Jawa Barat
30,20223068,SMAS Pangudi Luhur Ii Servasius,SMA,Kec. Pondok Melati,Kota Bekasi,Prov. Jawa Barat
69,  20107299,SMAS Gonzaga Jakarta,SMA,Kec. Pasar Minggu,Kota Adm. Jakarta Selatan,Prov. D.K.I. Jakarta
